﻿<EditorStyle name="One Dark" _description="Based on Atom's One Dark Syntax Theme">
  <Style name="text" color="#ABB2BF" bgColor="#282C34" />
  <Style name="text.background" color="#282C34" />
  <Style name="text.background.readonly" color="#282C34" />
  <Style name="text.background.searchresult-main" color="#D19A66" />
  <Style name="text.background.searchresult" color="#E6C07B" />
  <Style name="text.selection" color="#A9B0C0" bgColor="#3E4451" />
  <Style name="text.selection.inactive" color="#00000000" bgColor="#D3D7CF" />
  <Style name="text.link" color="#61AEEE" />
  <Style name="text.punctuation" color="#2E3436" />
  <Style name="text.preprocessor" color="#D19A66" />
  <Style name="xml" color="#A7AEC0" bgColor="#FFFFFF" />
  <Style name="xml.tag" color="#A7AEC0" />
  <Style name="xml.name" color="#3465A4" />
  <Style name="xml.attribute" color="#A7AEC0" />
  <Style name="xml.cdata" color="#5C6370" />
  <Style name="tooltip" color="#A7AEC0" bgColor="#FEFFE9" />
  <Style name="tooltip.border" color="#B2B2B2" />
  <Style name="tooltip.pager.text" color="#828282" />
  <Style name="tooltip.pager.top" color="#FFFFFF" />
  <Style name="tooltip.pager.bottom" color="#F5F5F5" />
  <Style name="tooltip.pager.triangle" color="#737373" />
  <Style name="completion" color="#434343" bgColor="#F0F6F8" />
  <Style name="completion.highlight" color="#BA3373" />
  <Style name="completion.selection" color="#F8FCFC" bgColor="#DFF4F0" />
  <Style name="completion.selection.border" color="#C9C9C9" />
  <Style name="completion.selection.inactive" color="#FFFFFF" bgColor="#FFFFFF" />
  <Style name="completion.selection.inactive.border" color="#666666" />
  <Style name="template" color="#000000" bgColor="#FDFAED" />
  <Style name="template.tag" color="#000000" bgColor="#FDF0BD" />
  <Style name="diff.line-added" color="#3363A4" />
  <Style name="diff.line-removed" color="#EF2929" />
  <Style name="diff.line-changed" color="#75507B" />
  <Style name="diff.header" color="#4E9A06" weight="Bold" />
  <Style name="diff.header-seperator" color="#4E9A06" weight="Bold" />
  <Style name="diff.header-oldfile" color="#EF2929" weight="Bold" />
  <Style name="diff.header-newfile" color="#3363A4" weight="Bold" />
  <Style name="diff.location" color="#75507B" weight="Bold" />
  <Style name="marker.line" color="#2C323B" />
  <Style name="marker.line.changed" color="#FDAB75" />
  <Style name="marker.line.dirty" color="#FED9C0" />
  <Style name="marker.ruler" color="#454B5D" />
  <Style name="marker.bracket" color="#518AFD" />
  <Style name="marker.usages" color="#FDAB75" bgColor="#FED9C0" />
  <Style name="marker.bookmark.color1" color="#FFFFFF" />
  <Style name="marker.bookmark.color2" color="#729FCF" />
  <Style name="marker.underline" color="#C44D58" />
  <Style name="marker.underline.error" color="#C44D58" />
  <Style name="marker.underline.warning" color="#EDD400" />
  <Style name="marker.underline.suggestion" color="#73D216" />
  <Style name="marker.underline.hint" color="#3465A4" />
  <Style name="marker.template.primary_template" color="#4E9A06" bgColor="#73D216" />
  <Style name="marker.template.primary_highlighted_template" color="#4E9A06" bgColor="#8AE234" />
  <Style name="marker.template.secondary_template" color="#D3D7CF" bgColor="#FFFFFF" />
  <Style name="marker.template.secondary_highlighted_template" color="#BABDB6" bgColor="#EEEEEC" />
  <Style name="marker.breakpoint" color="#FFFFFF" bgColor="#AB616B" />
  <Style name="marker.breakpoint.color1" color="#FFFFFF" />
  <Style name="marker.breakpoint.color2" color="#AB616B" />
  <Style name="marker.breakpoint.invalid" color="#EDDCDC" />
  <Style name="marker.breakpoint.invalid.color1" color="#EDDCDC" />
  <Style name="marker.breakpoint.invalid.background" color="#EDDCDC" />
  <Style name="marker.breakpoint.invalid.border" color="#AB616B" />
  <Style name="marker.breakpoint.disabled.background" color="#EDDCDC" />
  <Style name="marker.debug" color="#000000" bgColor="#FFFF00" />
  <Style name="marker.debug.currentline" color="#000000" bgColor="#FFFF00" />
  <Style name="marker.debug.currentline.color1" color="#FFFF00" />
  <Style name="marker.debug.currentline.color2" color="#FFFFCC" />
  <Style name="marker.debug.currentline.border" color="#666600" />
  <Style name="marker.debug.stackline" color="#000000" bgColor="#80FF80" />
  <Style name="marker.debug.stackline.color1" color="#80FF80" />
  <Style name="marker.debug.stackline.color2" color="#CCFFCC" />
  <Style name="marker.debug.stackline.border" color="#336633" />
  <Style name="bubble.warning" color="#555753" bgColor="#F4EEDA" />
  <Style name="bubble.error" color="#555753" bgColor="#F5EAE7" />
  <Style name="linenumber" color="#4B5164" bgColor="#282C33" />
  <Style name="iconbar" color="#21252B" />
  <Style name="iconbar.separator" color="#3A404B" />
  <Style name="fold" color="#3A404B" bgColor="#21252B" />
  <Style name="fold.margin" color="#3A404B" bgColor="#21252B" />
  <Style name="comment" color="#5C6370" />
  <Style name="comment.keyword" color="#5C6370" />
  <Style name="string" color="#98C379" />
  <Style name="string.escape" color="#A53E00" />
  <Style name="constant" color="#D19A66" />
  <Style name="keyword" color="#C678DD" />
  <Style name="keyword.access" color="#C678DD" />
  <Style name="keyword.semantic.extensionthis" color="#D19A66" />
  <Style name="keyword.type" color="#56B6C2" />
  <Style name="keyword.semantic.type" color="#56B6C2" />
  <Style name="constant.language" color="#D19A66" />
  <Style name="constant.language.void" color="#C678DD" />
  <Style name="keyword.semantic.field" color="#A6ACBF" />
  <Style name="keyword.semantic.field.declaration" color="#A6ACBF" />
  <Style name="keyword.semantic.property" color="#A6ACBF" />
  <Style name="keyword.semantic.property.declaration" color="#A7ADBF" />
  <Style name="keyword.semantic.event" color="#A7AEC0" />
  <Style name="keyword.semantic.event.declaration" color="#61AEEE" />
  <Style name="keyword.semantic.method" color="#A7ADBF" />
  <Style name="keyword.semantic.method.declaration" color="#61AEEE" />
  <Style name="keyword.semantic.error" color="#E06C75" />
  <Style name="keyword.modifier" color="#C678DD" />
  <Style name="bubble.warning.text" color="#555753" bgColor="#F4EEDA" />
  <Style name="bubble.error.text" color="#555753" bgColor="#F5EAE7" />
  <Style name="template.directive" color="#000000" bgColor="#FDFAED" />
  <Style name="text.preprocessor.keyword" color="#D19A66" />
  <Style name="comment.line" color="#5C6370" />
  <Style name="comment.block" color="#5C6370" />
  <Style name="comment.doc" color="#5C6370" />
  <Style name="comment.tag" color="#5C6370" />
  <Style name="comment.tag.line" color="#5C6370" />
  <Style name="comment.tag.block" color="#5C6370" />
  <Style name="comment.tag.doc" color="#5C6370" />
  <Style name="comment.keyword.todo" color="#5C6370" weight="Bold" />
  <Style name="constant.digit" color="#D19A66" />
  <Style name="string.single" color="#98C379" />
  <Style name="string.double" color="#98C379" />
  <Style name="string.other" color="#98C379" />
  <Style name="keyword.operator" color="#C678DD" />
  <Style name="keyword.operator.declaration" color="#C678DD" />
  <Style name="keyword.selection" color="#C678DD" />
  <Style name="keyword.iteration" color="#C678DD" />
  <Style name="keyword.jump" color="#C678DD" />
  <Style name="keyword.context" color="#C678DD" />
  <Style name="keyword.exceptions" color="#C678DD" />
  <Style name="keyword.namespace" color="#C678DD" />
  <Style name="keyword.property" color="#C678DD" />
  <Style name="keyword.declaration" color="#C678DD" />
  <Style name="keyword.parameter" color="#C678DD" />
  <Style name="keyword.misc" color="#C678DD" />
  <Style name="keyword.semantic.type.declaration" color="#E6C07B" />
</EditorStyle>
